A		H
A		HA
A		1HB
A		2HB
A		3HB
A		C
A		CA
A		CB
A		N
A		O
		
R		H
R		HA
R		1HB
R		2HB
R		1HG
R		2HG
R		1HD
R		2HD
R		HE
R		1HH1
R		2HH1
R		1HH2
R		2HH2
R		C
R		CA
R		CB
R		CG
R		CD
R		CZ
R		N
R		NE
R		NH1
R		NH2
R		O
		
D		H
D		HA
D		1HB
D		2HB
D		C
D		CA
D		CB
D		CG
D		N
D		O
D		OD1
D		OD2
		
N		H
N		HA
N		1HB
N		2HB
N		1HD2
N		2HD2
N		C
N		CA
N		CB
N		CG
N		N
N		ND2
N		O
N		OD1
		
C		H
C		HA
C		1HB
C		2HB
C		HG
C		C
C		CA
C		CB
C		N
C		O
C		SG
		
E		H
E		HA
E		1HB
E		2HB
E		1HG
E		2HG
E		C
E		CA
E		CB
E		CG
E		CD
E		N
E		O
E		OE1
E		OE2
		
Q		H
Q		HA
Q		1HB
Q		2HB
Q		1HG
Q		2HG
Q		1HE2
Q		2HE2
Q		C
Q		CA
Q		CB
Q		CG
Q		CD
Q		N
Q		NE2
Q		O
Q		OE1
		
G		H
G		1HA
G		2HA
G		C
G		CA
G		N
G		O
		
H		H
H		HA
H		1HB
H		2HB
H		HD1
H		HD2
H		HE1
H		C
H		CA
H		CB
H		CG
H		CD2
H		CE1
H		N
H		ND1
H		NE2
H		O
		
I		H
I		HA
I		HB
I		1HG1
I		2HG1
I		1HG2
I		2HG2
I		3HG2
I		1HD1
I		2HD1
I		3HD1
I		C
I		CA
I		CB
I		CG1
I		CG2
I		CD1
I		N
I		O
		
L		H
L		HA
L		1HB
L		2HB
L		HG
L		1HD1
L		2HD1
L		3HD1
L		1HD2
L		2HD2
L		3HD2
L		C
L		CA
L		CB
L		CG
L		CD1
L		CD2
L		N
L		O
		
K		H
K		HA
K		1HB
K		2HB
K		1HG
K		2HG
K		1HD
K		2HD
K		1HE
K		2HE
K		1HZ
K		2HZ
K		3HZ
K		C
K		CA
K		CB
K		CG
K		CD
K		CE
K		N
K		NZ
K		O
		
M		H
M		HA
M		1HB
M		2HB
M		1HG
M		2HG
M		1HE
M		2HE
M		3HE
M		C
M		CA
M		CB
M		CG
M		CE
M		N
M		O
M		SD
		
F		H
F		HA
F		1HB
F		2HB
F		HD1
F		HD2
F		HE1
F		HE2
F		HZ
F		C
F		CA
F		CB
F		CG
F		CD1
F		CD2
F		CE1
F		CE2
F		CZ
F		N
F		O
		
P		H2
P		H1
P		HA
P		1HB
P		2HB
P		1HG
P		2HG
P		1HD
P		2HD
P		C
P		CA
P		CB
P		CG
P		CD
P		N
P		O
		
S		H
S		HA
S		1HB
S		2HB
S		HG
S		C
S		CA
S		CB
S		N
S		O
S		OG
		
T		H
T		HA
T		HB
T		HG1
T		1HG2
T		2HG2
T		3HG2
T		C
T		CA
T		CB
T		CG2
T		N
T		O
T		OG1
		
W		H
W		HA
W		1HB
W		2HB
W		HD1
W		HE1
W		HE3
W		HZ2
W		HZ3
W		HH2
W		C
W		CA
W		CB
W		CG
W		CD1
W		CD2
W		CE2
W		CE3
W		CZ2
W		CZ3
W		CH2
W		N
W		NE1
W		O
		
Y		H
Y		HA
Y		1HB
Y		2HB
Y		HD1
Y		HD2
Y		HE1
Y		HE2
Y		HH
Y		C
Y		CA
Y		CB
Y		CG
Y		CD1
Y		CD2
Y		CE1
Y		CE2
Y		CZ
Y		N
Y		O
Y		OH
		
V		H
V		HA
V		HB
V		1HG1
V		2HG1
V		3HG1
V		1HG2
V		2HG2
V		3HG2
V		C
V		CA
V		CB
V		CG1
V		CG2
V		N
V		O
